idx,addr,name,lat,lon,sectors,construction,completion,households,heating_system,heating_resource,max_floor,min_floor,parking_capacity,parking_lot,community,min_area_supply,max_area_supply,min_area_use,max_area_use,addr_street,apartment_status,slope
1165010710,서울시 서초구 반포동 20-43,반포자이,37.507538,127.013605,44동,GS건설(주),2009,3410,지역난방,열병합,29층,20층,1.78,0,1,84.23,301.38,59.97,244.97,서울시 서초구 신반포로 270,아파트,1
1165010711,서울시 서초구 반포동 2-12,아크로리버파크,37.506089,126.993312,15동,대림산업(주),2016,1612,지역난방,열병합,38층,3층,1.84,0,0,78.68,318.75,59.95,234.97,서울시 서초구 신반포로15길 19,아파트,1
1165010709,서울시 서초구 반포동 18-1,래미안퍼스티지,37.503005,126.999724,28동,삼성물산(주),2009,2444,지역난방,열병합,32층,23층,1.78,0,1,86.57,268.8,59.89,222.76,서울시 서초구 반포대로 275,아파트,1
1165010643,서울시 서초구 잠원동 73,신반포2차,37.509497,127.001148,13동,한신공영(주),1978,1572,지역난방,열병합,12층,12층,2.09,1,0,74.18,164.72,68.91,150.58,서울시 서초구 신반포로23길 41,재건축,1
1165010860,서울시 서초구 서초동 1335,서초그랑자이,37.489133,127.025992,9동,지에스건설(주),2021,1446,지역난방,열병합,35층,30층,2.0,0,1,83.85,192.97,59.98,148.5,서울시 서초구 효령로 391,아파트,1
1165010638,서울시 서초구 잠원동 70,신반포4차,37.508702,127.006283,12동,한신공영(주),1979,1212,지역난방,열병합,13층,12층,1.0,1,0,103.57,168.64,96.48,155.0,서울시 서초구 잠원로 37-48,재건축,1
1165010714,서울시 서초구 반포동 30-26,반포리체,37.503762,127.013485,9동,"삼성물산(주),대림산업",2011,1119,지역난방,열병합,35층,30층,1.5,0,1,84.73,172.28,59.99,138.72,서울시 서초구 고무래로 35,아파트,1
1165010857,서울시 서초구 서초동 1755,래미안리더스원,37.490773,127.028121,12동,삼성물산(주),2020,1317,지역난방,열병합,35층,15층,1.91,1,1,84.03,299.89,59.97,238.73,서울시 서초구 서운로 62,아파트,1
1165010851,서울시 서초구 서초동 1685,삼풍,37.499179,127.016033,24동,"현대,우성",1988,2390,지역난방,열병합,15층,9층,1.58,1,0,107.48,192.9,79.47,165.92,서울시 서초구 서초중앙로 200,아파트,1
1165010703,서울시 서초구 반포동 1124,반포주공1단지,37.500802,126.988428,99동,대한주택공사,1973,3590,중앙난방,도시가스,6층,5층,0.55,1,1,72.73,204.96,72.51,196.8,서울시 서초구 신반포로 32,재건축,1
1165010717,서울시 서초구 반포동 60-4,반포미도1차,37.502254,127.008811,8동,한보그룹,1987,1260,지역난방,열병합,15층,15층,1.07,1,0,110.46,110.46,84.96,84.96,서울시 서초구 서초중앙로29길 28,아파트,1
1165010312,서울시 서초구 우면동 773,서초힐스,37.45746,127.018151,12동,(주)서희건설,2012,1082,개별난방,도시가스,25층,12층,1.17,0,1,81.96,116.29,59.89,84.98,서울시 서초구 양재대로2길 90,아파트,1
1165010849,서울시 서초구 서초동 1682,서초래미안,37.498528,127.019039,13동,삼성물산,2003,1129,개별난방,열병합,27층,10층,1.61,1,0,112.73,167.09,84.95,127.66,서울시 서초구 서초대로65길 13-10,아파트,1
1165010901,서울시 서초구 내곡동 411,서초더샵포레,37.452674,127.063435,26동,(주)포스코건설,2014,1264,개별난방,도시가스,20층,2층,1.39,0,0,80.7,153.1,59.69,114.71,서울시 서초구 헌릉로8길 58,아파트,0
1165010902,서울시 서초구 내곡동 384,서초포레스타2단지,37.455377,127.06122,13동,"고려개발(주),동원건설산업(주)",2015,1077,개별난방,도시가스,21층,11층,1.1,1,1,87.56,124.35,59.09,84.87,서울시 서초구 헌릉로8길 45,아파트,1
1165010307,서울시 서초구 우면동 717,서초네이처힐3단지,37.464722,127.027902,17동,진흥기업(주),2013,1251,개별난방,도시가스,19층,12층,1.13,0,1,112.06,151.95,84.61,114.79,서울시 서초구 태봉로2길 60,아파트,1
1165010726,서울시 서초구 반포동 1-1번지 일원,래미안원베일리,37.5068,126.998185,23동,삼성물산㈜,2023,2990,지역난방,열병합,35층,11층,1.82,0,1,62.68,315.31,46.93,234.96,서울시 서초구 반포동 1-1번지 일원,아파트분양권,1
1165010706,서울시 서초구 반포동 1341,반포래미안아이파크,37.501879,127.013411,11동,"에이치디씨현대산업개발(주),삼성물산(주)",2018,829,지역난방,열병합,34층,9층,1.6,1,1,77.27,196.96,49.84,150.96,서울시 서초구 서초중앙로 220,아파트,1
1165010648,서울시 서초구 잠원동 162,반포센트럴자이,37.507069,127.001701,7동,지에스건설(주),2020,757,지역난방,열병합,35층,20층,1.58,0,1,82.17,155.55,59.97,114.96,서울시 서초구 반포대로 310-6,아파트,1
1165010646,서울시 서초구 잠원동 157,동아,37.509144,127.010552,8동,동아건설산업(주),2002,991,개별난방,도시가스,20층,6층,1.03,1,0,81.33,109.07,59.8,84.91,서울시 서초구 신반포로33길 15,아파트,1
1165010802,서울시 서초구 서초동 1311-10,서초푸르지오써밋,37.501348,127.021151,7동,(주)대우건설,2017,907,지역난방,열병합,35층,11층,1.41,1,1,80.96,160.83,59.62,120.98,서울시 서초구 서운로 201,아파트,1
1165010140,서울시 서초구 방배동 1028-1,방배그랑자이,37.476841,126.999627,8동,지에스건설(주),2021,758,지역난방,열병합,20층,16층,1.98,0,1,72.91,170.8,54.99,133.87,서울시 서초구 방배로 21,아파트,1
1165010713,서울시 서초구 반포동 1342,반포써밋,37.50156,127.017953,8동,(주)대우건설,2018,764,지역난방,열병합,35층,9층,1.56,0,1,77.86,170.68,59.32,133.04,서울시 서초구 고무래로 89,아파트,1
1165010603,서울시 서초구 잠원동 159,아크로리버뷰신반포,37.514868,127.007489,5동,대림산업(주),2018,595,개별난방,도시가스,35층,28층,1.49,0,1,109.57,117.92,78.48,84.82,서울시 서초구 잠원로 117,아파트,1
1165010803,서울시 서초구 서초동 1312-3,롯데캐슬클래식,37.500515,127.021806,15동,롯데건설(주),2006,990,지역난방,열병합,27층,15층,1.45,0,0,94.91,154.9,74.3,133.45,서울시 서초구 서운로 197,아파트,1
1165010852,서울시 서초구 서초동 1685-3,아크로비스타,37.498694,127.013031,3동,대림산업(주),2004,757,지역난방,열병합,37층,22층,2.7,0,1,128.37,305.47,101.81,242.26,서울시 서초구 서초중앙로 188,아파트,1
1165010604,서울시 서초구 잠원동 160,신반포자이,37.510166,127.008408,7동,㈜GS건설,2018,607,지역난방,열병합,28층,23층,1.61,0,1,85.34,203.13,59.35,153.98,서울시 서초구 잠원로 60,아파트,1
1165010725,서울시 서초구 반포동 32-8,디에이치라클라스,37.500695,127.014008,6동,현대건설(주),2021,848,지역난방,열병합,35층,15층,1.8,0,1,69.11,173.86,50.98,132.98,서울시 서초구 서초중앙로 206,아파트,1
1165010854,서울시 서초구 서초동 1687,유원서초,37.496155,127.018584,4동,유원건설(주),1993,590,지역난방,열병합,18층,12층,0.7,1,0,105.8,105.86,84.82,84.87,서울시 서초구 서초중앙로24길 43,아파트,1
1165010855,서울시 서초구 서초동 1754,래미안서초에스티지S,37.492859,127.027121,5동,삼성물산(주),2018,593,지역난방,열병합,32층,16층,1.44,1,1,111.13,171.74,84.17,134.27,서울시 서초구 서운로 104,아파트,1
1165010811,서울시 서초구 서초동 1333,신동아1차,37.492018,127.023953,6동,신동아건설(주),1978,893,중앙난방,열병합,13층,13층,1.0,1,1,82.17,170.14,75.86,157.2,서울시 서초구 사임당로 137,재건축,1
1165010201,서울시 서초구 양재동 154-2,양재우성,37.474905,127.031343,10동,우성건설,1991,794,중앙난방,도시가스,15층,12층,0.94,1,1,89.42,101.38,73.15,84.91,서울시 서초구 바우뫼로 91,아파트,1
1165010619,서울시 서초구 잠원동 56-3,잠원한신,37.516,127.010428,7동,한신공영,1992,540,지역난방,열병합,15층,15층,1.0,1,0,94.42,94.42,84.52,84.52,서울시 서초구 잠원로 150,아파트,1
1165010311,서울시 서초구 우면동 753,서초호반써밋,37.456552,127.013065,6동,울트라건설(주),2013,550,개별난방,도시가스,25층,21층,2.0,0,1,128.07,213.47,101.01,165.5,서울시 서초구 양재대로2길 109,아파트,1
1165010602,서울시 서초구 잠원동 158,래미안신반포팰리스,37.515289,127.012151,7동,삼성물산(주),2016,843,지역난방,열병합,35층,15층,1.55,1,1,111.79,169.02,84.42,133.06,서울시 서초구 잠원로8길 35,아파트,1
1165010116,서울시 서초구 방배동 424-28,방배롯데캐슬아르떼,37.483848,126.984676,11동,롯데건설(주),2013,744,개별난방,도시가스,18층,10층,1.57,0,1,84.27,251.51,59.97,216.27,서울시 서초구 방배천로18길 11,아파트,1
1165010109,서울시 서초구 방배동 1344,방배현대홈타운1차,37.489189,126.983417,8동,현대건설(주),1999,644,개별난방,도시가스,20층,11층,1.23,1,1,85.04,163.97,59.94,134.76,서울시 서초구 서초대로1길 30,아파트,1
1165010804,서울시 서초구 서초동 1315,진흥,37.497326,127.022911,7동,진흥기업(주),1979,615,지역난방,열병합,15층,15층,1.21,1,0,107.5,172.16,101.32,160.46,서울시 서초구 서초대로 385,아파트,1
1165010102,서울시 서초구 방배동 1008-2,방배래미안아트힐,37.477688,127.005111,10동,삼성물산(주),2004,588,개별난방,도시가스,24층,17층,2.11,0,1,126.48,201.28,105.27,174.5,서울시 서초구 남부순환로 2311-12,아파트,0
1165010829,서울시 서초구 서초동 1446-11,현대슈퍼빌,37.482825,127.016089,4동,현대건설(주),2003,645,지역난방,열병합,46층,22층,2.37,0,0,204.96,337.19,147.86,244.66,서울시 서초구 서초중앙로 15,아파트,1
1165011104,서울시 서초구 신원동 619,서초포레스타6단지,37.449807,127.055535,11동,계룡건설산업(주),2015,585,개별난방,도시가스,7층,7층,1.05,1,1,86.35,121.75,59.93,84.79,서울시 서초구 청계산로9길 1-12,아파트,1
1165011102,서울시 서초구 신원동 579,서초포레스타5단지,37.451524,127.05712,11동,"한신공영(주), 에이스종합건설(주)",2014,547,개별난방,도시가스,17층,5층,1.27,1,1,80.4,154.33,59.93,114.92,서울시 서초구 청계산로7길 43,아파트,0
1165010621,서울시 서초구 잠원동 58-16,신반포10차,37.512468,127.01371,5동,한신공영(주),1981,876,지역난방,열병합,12층,12층,0.0,0,1,57.64,81.69,53.88,76.32,서울시 서초구 나루터로4길 39,재건축,1
1165010626,서울시 서초구 잠원동 60-3,신반포8차,37.511337,127.012084,9동,한신공영(주),1981,864,지역난방,열병합,12층,12층,0.0,1,0,56.43,154.86,52.74,143.03,서울시 서초구 나루터로4길 28,재건축,1
1165010651,서울시 서초구 잠원동 74-1번지 외 1필지,반포르엘,37.507392,127.003006,7동,롯데건설(주),2022,596,지역난방,열병합,35층,25층,1.77,0,1,79.34,156.21,59.94,121.6,서울시 서초구 잠원동 74-1번지 외 1필지,아파트분양권,1
1165010801,서울시 서초구 서초동 1301-6,래미안서초스위트,37.502179,127.020359,3동,삼성물산(주),2009,392,지역난방,열병합,31층,21층,1.28,0,0,80.1,125.96,59.99,95.8,서울시 서초구 서운로 221,아파트,1
1165010853,서울시 서초구 서초동 1686-9,서초교대e편한세상,37.496937,127.017375,6동,대림산업(주),2010,435,지역난방,열병합,20층,11층,1.75,0,0,81.47,224.42,59.9,176.35,서울시 서초구 서초중앙로24길 33,아파트,1
1165010810,서울시 서초구 서초동 1332-13,래미안서초에스티지,37.492833,127.025172,4동,삼성물산(주),2016,421,지역난방,열병합,33층,15층,1.47,0,1,85.16,183.93,59.99,144.99,서울시 서초구 서운로 107,아파트,1
1165010707,서울시 서초구 반포동 16-6,반포힐스테이트,37.501541,126.996878,5동,현대건설(주),2012,397,지역난방,열병합,29층,25층,1.76,0,0,86.6,190.99,59.7,155.95,서울시 서초구 신반포로16길 15-20,아파트,1
1165010615,서울시 서초구 잠원동 53-15,강변,37.517893,127.012699,4동,한신공영,1987,360,지역난방,도시가스,15층,15층,0.9,0,0,89.35,101.08,66.29,84.53,서울시 서초구 잠원로 166-17,아파트,1
1165010313,서울시 서초구 우면동 789,LH서초5단지,37.45932,127.025146,3동,울트라건설(주) 외1,2013,358,개별난방,도시가스,25층,13층,1.17,0,1,81.97,116.25,59.93,84.99,서울시 서초구 양재대로2길 11,아파트,1
1165010808,서울시 서초구 서초동 1326-17,우성5차,37.494502,127.026894,2동,(주)우성건설,1998,408,지역난방,도시가스,23층,19층,1.0,0,1,74.48,167.83,57.26,134.91,서울시 서초구 서초대로74길 30,아파트,1
1165010611,서울시 서초구 잠원동 50-5,신반포12차,37.516073,127.014839,3동,수도배관(공용배관) 교체완료(2021년),1982,324,한신공영,(주),12층,12층,0.96,0,0,59.35,114.1,55.45,106.19,서울시 서초구 잠원로14길 41,재건축,1
1165010633,서울시 서초구 잠원동 63-2,신반포청구,37.514334,127.008403,2동,주식회사 청구,1998,347,개별난방,도시가스,18층,14층,0.0,0,0,80.09,109.65,59.55,84.86,서울시 서초구 신반포로33길 66,아파트,1
1165010617,서울시 서초구 잠원동 55-12,신반포16차,37.517509,127.00991,2동,한신공영(주),1983,396,지역난방,열병합,11층,11층,0.0,0,0,57.58,91.49,52.32,83.12,서울시 서초구 잠원로 157,아파트,1
1165010138,서울시 서초구 방배동 3278,방배아트자이,37.480072,127.002326,5동,지에스건설(주),2018,353,지역난방,열병합,15층,10층,1.62,0,1,80.56,159.29,59.9,126.62,서울시 서초구 명달로9길 57,아파트,1
1165010110,서울시 서초구 방배동 2001,방배현대홈타운2차,37.490473,126.98384,6동,현대건설,2001,384,개별난방,도시가스,20층,14층,1.26,0,0,81.58,176.05,59.86,147.26,서울시 서초구 서초대로1길 34,아파트,1
1165010314,서울시 서초구 우면동 788,서초LH4단지,37.458206,127.023515,4동,울트라건설(주),2013,424,개별난방,도시가스,25층,21층,0.0,0,1,71.15,116.53,51.89,84.99,서울시 서초구 양재대로2길 33,아파트,1
1165010809,서울시 서초구 서초동 1330,삼성쉐르빌II,37.49396,127.027795,1동,삼성중공업(주),2002,365,개별난방,도시가스,21층,12층,0.73,0,0,50.59,101.38,35.17,70.49,서울시 서초구 강남대로53길 11,아파트,1
1165011101,서울시 서초구 신원동 568,서초포레스타3단지,37.454873,127.058977,8동,한신공영(주)외1,2014,482,개별난방,도시가스,19층,9층,1.25,0,1,82.02,155.43,59.93,114.81,서울시 서초구 헌릉로8길 22,아파트,1
1165010610,서울시 서초구 잠원동 50-1,롯데캐슬갤럭시2차,37.518663,127.016434,8동,롯데건설주식회사,2004,428,지역난방,열병합,28층,10층,1.99,0,0,128.98,168.28,109.56,148.86,서울시 서초구 잠원로14길 23,아파트,1
1165010827,서울시 서초구 서초동 1445-14,더샵서초,37.484115,127.018345,3동,(주)포스코건설,2006,329,지역난방,열병합,32층,20층,3.42,0,1,43.93,286.95,30.39,235.86,서울시 서초구 서초중앙로2길 21,아파트,1
1165010647,서울시 서초구 잠원동 161,래미안신반포리오센트,37.518478,127.013762,6동,삼성물산㈜,2019,475,지역난방,열병합,32층,15층,1.81,0,1,85.91,172.8,59.92,133.37,서울시 서초구 잠원로14길 32,아파트,1
1165010828,서울시 서초구 서초동 1445-4,래미안서초유니빌,37.484562,127.016915,1동,삼성물산(주),2003,440,개별난방,도시가스,24층,18층,0.82,0,1,46.34,90.38,34.05,66.41,서울시 서초구 서초중앙로 26,아파트,1
1165010858,서울시 서초구 서초동 1582-3,서초센트럴아이파크,37.486804,127.011758,2동,현대산업개발(주),2020,318,개별난방,도시가스,33층,33층,1.14,0,1,104.92,107.07,80.5,80.59,서울시 서초구 반포대로18길 36,아파트,1
1165010718,서울시 서초구 반포동 60-5,반포미도2차,37.502504,127.007462,3동,한보주택건설,1989,435,지역난방,열병합,15층,15층,1.0,0,0,76.99,92.94,59.07,71.49,서울시 서초구 사평대로 240,아파트,1
1165010130,서울시 서초구 방배동 866-20,방배대우디오빌,37.485971,126.984241,1동,(주)대우건설,2005,412,개별난방,도시가스,22층,4층,1.06,0,0,38.67,50.51,28.84,37.67,서울시 서초구 서초대로 17,아파트,1
1165010608,서울시 서초구 잠원동 49-8,한강,37.521491,127.015231,5동,한신공영(주),1989,450,지역난방,열병합,15층,11층,1.0,0,0,94.84,103.75,76.68,84.53,서울시 서초구 잠원로 213-10,아파트,1
1165010134,서울시 서초구 방배동 906-13,방배서리풀e-편한세상,37.484312,126.998447,9동,대림산업(주),2010,496,개별난방,도시가스,15층,8층,1.88,0,1,83.92,210.7,59.94,164.46,서울시 서초구 효령로33길 50,아파트,0
1165010123,서울시 서초구 방배동 770-1,삼호1차,37.495335,126.987687,3동,삼호,1975,419,지역난방,열병합,12층,12층,2.38,0,0,80.85,164.16,78.02,162.77,서울시 서초구 방배로43길 5,아파트,1
1165010120,서울시 서초구 방배동 754-1,롯데캐슬헤론,37.496713,126.984468,5동,롯데건설(주),2006,337,개별난방,도시가스,29층,12층,2.32,0,0,115.58,211.3,95.66,174.89,서울시 서초구 동광로1길 112,아파트,1
1165010820,서울시 서초구 서초동 1346,현대,37.485942,127.023523,5동,현대산업개발,1989,412,지역난방,열병합,15층,3층,1.0,0,1,91.52,109.27,62.05,84.8,서울시 서초구 효령로72길 14,아파트,1
1165010301,서울시 서초구 우면동 57,대림,37.473128,127.023475,6동,대림산업,1995,412,중앙난방,도시가스,15층,14층,1.58,0,0,155.59,155.59,130.89,130.89,서울시 서초구 바우뫼로7길 51,아파트,0
1165010721,서울시 서초구 반포동 70-1,한신서래,37.49929,127.00086,4동,한신공영(주),1987,414,지역난방,열병합,12층,8층,1.29,0,1,67.44,175.47,45.72,147.67,서울시 서초구 사평대로28길 31,아파트,1
1165010112,서울시 서초구 방배동 2525,방배우성,37.474417,126.982972,9동,우성건설(주),1989,468,개별난방,도시가스,12층,12층,1.0,0,0,98.62,138.46,80.2,117.19,서울시 서초구 방배선행길 1,아파트,1
1165010302,서울시 서초구 우면동 59,동고,37.471401,127.023757,5동,(주)동양고속건설,1995,330,개별난방,도시가스,15층,12층,0.85,0,0,96.98,105.47,77.14,84.96,서울시 서초구 바우뫼로7길 29,아파트,0
1165010635,서울시 서초구 잠원동 65-32,신반포7차,37.512227,127.008577,3동,한신공영(주),1980,320,지역난방,열병합,10층,10층,1.0,0,0,116.4,153.62,107.29,140.04,서울시 서초구 잠원로 88,재건축,1
1165010310,서울시 서초구 우면동 737,서초네이처힐6단지,37.461495,127.026712,7동,(주)태영건설,2013,382,개별난방,도시가스,17층,7층,1.12,0,0,81.93,155.53,59.99,114.98,서울시 서초구 태봉로2길 30,아파트,1
1165010840,서울시 서초구 서초동 1593-7,서초이오빌,37.486602,127.012987,1동,경남기업(주),2003,462,개별난방,도시가스,24층,24층,0.72,0,0,48.96,78.09,36.66,58.48,서울시 서초구 효령로53길 45,아파트,1
1165010118,서울시 서초구 방배동 725,삼호4차,37.497434,126.989672,6동,삼호주택,1983,481,지역난방,열병합,13층,12층,0.0,0,0,113.05,202.95,105.04,185.46,서울시 서초구 방배로 270,아파트,1
1165010103,서울시 서초구 방배동 1011-1,임광3차,37.476288,127.002687,4동,임광토건(주),1988,316,중앙난방,도시가스,10층,10층,0.0,0,1,58.25,128.29,44.61,100.82,서울시 서초구 방배로2길 24-6,아파트,0
1165010104,서울시 서초구 방배동 1015,"임광1,2차",37.476908,127.002419,6동,임광토건(주),1985,418,중앙난방,도시가스,11층,11층,1.1,0,0,116.28,160.67,84.78,136.38,서울시 서초구 방배로 14,아파트,0
1165010113,서울시 서초구 방배동 2626,방배래미안,37.47268,126.984172,9동,삼성물산(주),2003,303,개별난방,도시가스,10층,7층,1.26,0,0,78.51,135.51,59.9,114.94,서울시 서초구 방배선행길 2,아파트,0
1165010117,서울시 서초구 방배동 485-3,방배래미안타워,37.47484,126.991265,4동,삼성물산(주),2005,344,개별난방,도시가스,22층,22층,1.86,0,1,124.65,158.44,102.93,134.96,서울시 서초구 남부순환로 2183,아파트,0
1165010108,서울시 서초구 방배동 1038,대우효령,37.479789,126.993675,6동,대우(주),1992,364,개별난방,도시가스,13층,11층,1.0,0,0,97.39,97.39,84.91,84.91,서울시 서초구 효령로 84,아파트,0
1165010105,서울시 서초구 방배동 1018-1,삼익,37.479459,127.001481,4동,삼익주택건설,1981,408,중앙난방,도시가스,15층,12층,1.08,0,0,94.54,163.47,88.26,151.54,서울시 서초구 효령로34길 79,아파트,1
1165010139,서울시 서초구 방배동 988-1,신동아,37.481269,127.001343,6동,신동아건설(주),1982,493,중앙난방,도시가스,15층,13층,1.0,1,0,109.43,199.34,102.65,175.14,서울시 서초구 효령로 164,아파트,1
1165010308,서울시 서초구 우면동 720,서초네이처힐4단지,37.463718,127.02631,7동,진흥기업(주),2011,409,개별난방,도시가스,15층,14층,1.14,0,0,115.84,163.44,84.61,114.93,서울시 서초구 태봉로2길 65,아파트,1
1165010623,서울시 서초구 잠원동 58-24,신반포11차,37.510287,127.013648,4동,한신공영(주),1981,398,지역난방,열병합,12층,11층,2.0,0,1,82.34,154.86,76.4,143.03,서울시 서초구 나루터로4길 61,재건축,1
1165011103,서울시 서초구 신원동 615,서초포레스타7단지,37.448747,127.056906,10동,"한신공영(주), 에이스종합건설(주)",2013,310,개별난방,도시가스,7층,6층,0.0,0,1,87.67,123.42,59.81,84.79,서울시 서초구 청계산로11길 7-12,아파트,1
1165010639,서울시 서초구 잠원동 71-1,블루힐하우스,37.511737,127.006039,1동,(주)청구,1999,125,개별난방,도시가스,19층,14층,1.03,0,1,80.07,113.1,59.85,84.54,서울시 서초구 잠원로 85,아파트,1
1165010848,서울시 서초구 서초동 1681-8,서초롯데캐슬프레지던트,37.496912,127.019738,3동,롯데건설(주),2014,280,지역난방,열병합,31층,25층,1.53,0,1,111.05,187.11,84.97,149.45,서울시 서초구 서초중앙로24길 57,아파트,1
1165010844,서울시 서초구 서초동 1641-13,아남,37.492965,127.020717,2동,아남건설(주),1988,166,지역난방,열병합,13층,11층,0.92,0,0,92.08,103.18,71.1,84.96,서울시 서초구 사임당로23길 53,아파트,1
1165010724,서울시 서초구 반포동 30-15,반포센트레빌아스테리움,37.503301,127.016172,2동,동부건설(주),2021,108,지역난방,열병합,20층,19층,1.62,0,1,76.58,114.62,59.99,88.93,서울시 서초구 사평대로 310-4,아파트,1
1165010632,서울시 서초구 잠원동 61-2,신반포19차,37.514322,127.010224,2동,한신공영(주),1982,242,지역난방,열병합,11층,11층,0.0,0,1,88.42,120.96,80.25,109.88,서울시 서초구 잠원로8길 20,재건축,1
1165010845,서울시 서초구 서초동 1648-2,서초현대,37.491021,127.019951,2동,고려산업개발(주),1999,299,지역난방,열병합,16층,8층,1.17,0,0,72.72,144.29,53.01,114.84,서울시 서초구 사임당로19길 10,아파트,1
1165010625,서울시 서초구 잠원동 59-3,잠원현대훼밀리,37.509064,127.012838,1동,현대건설(주),1997,113,개별난방,도시가스,17층,13층,1.0,0,1,73.43,104.2,59.56,84.52,서울시 서초구 신반포로 261,아파트,1
1165010830,서울시 서초구 서초동 1454-29,서초한신,37.482482,127.013844,2동,한신공영(주),2001,194,개별난방,도시가스,15층,8층,1.46,0,0,113.63,147.27,84.99,115.3,서울시 서초구 남부순환로323길 38-15,아파트,1
1165010634,서울시 서초구 잠원동 63-34,한신로얄,37.513356,127.009021,2동,한신공영(주),1992,208,지역난방,도시가스,13층,10층,1.15,0,0,90.37,93.78,81.05,84.56,서울시 서초구 신반포로33길 64,아파트,1
1165010627,서울시 서초구 잠원동 60-4,한신타운,37.50951,127.01147,1동,한신공영,1989,110,지역난방,열병합,15층,9층,0.0,0,1,79.93,98.02,63.94,78.39,서울시 서초구 나루터로4길 70-5,아파트,1
1165010304,서울시 서초구 우면동 70,코오롱,37.472577,127.027654,6동,코오롱건설(주),1994,300,개별난방,도시가스,6층,6층,1.02,0,0,73.06,73.06,52.47,52.47,서울시 서초구 바우뫼로 53,아파트,1
1165010303,서울시 서초구 우면동 67,우면한라,37.471696,127.025664,7동,한라건설(주),1994,252,개별난방,도시가스,6층,6층,0.87,0,1,78.93,78.93,59.98,59.98,서울시 서초구 바우뫼로 33,아파트,1
1165010640,서울시 서초구 잠원동 71-11,반포한신타워,37.51098,127.00606,2동,한신공영(주),1996,250,중앙난방,열병합,18층,8층,1.0,0,0,83.77,159.58,59.4,131.99,서울시 서초구 잠원로3길 8,아파트,1
1165010833,서울시 서초구 서초동 1487-63,서초e-편한세상1차,37.481181,127.006941,2동,대림산업(주),2004,154,개별난방,도시가스,15층,6층,2.03,0,1,158.86,158.86,130.53,130.53,서울시 서초구 명달로6길 31,아파트,1
1165010641,서울시 서초구 잠원동 71-12,킴스빌리지,37.510812,127.00647,1동,시대종합건설,1996,160,개별난방,도시가스,15층,14층,0.86,0,0,34.79,55.09,23.7,37.58,서울시 서초구 잠원로3길 6,아파트,1
1165010846,서울시 서초구 서초동 1671-5,서초리시온,37.49346,127.01552,1동,대림산업(주),2003,293,개별난방,도시가스,14층,8층,0.8,0,0,33.21,100.47,25.98,78.58,서울시 서초구 서초중앙로22길 25,아파트,1
1165010609,서울시 서초구 잠원동 50,롯데캐슬갤럭시1차,37.520366,127.016502,5동,롯데건설(주),2002,256,개별난방,열병합,25층,14층,1.83,0,0,140.41,193.84,106.15,151.11,서울시 서초구 잠원로14길 3,아파트,1
1165010841,서울시 서초구 서초동 1620-20,서초롯데캐슬리버티,37.48748,127.01673,3동,롯데건설주식회사,2005,132,개별난방,도시가스,12층,7층,1.74,0,1,81.94,152.02,62.85,126.52,서울시 서초구 사임당로10길 39,아파트,1
1165010817,서울시 서초구 서초동 1338,현대ESA,37.490982,127.029439,1동,현대건설(주),2002,122,중앙난방,도시가스,18층,12층,1.76,0,1,131.58,215.62,100.06,163.95,서울시 서초구 효령로77길 20,아파트,1
1165010616,서울시 서초구 잠원동 54-7,신화,37.515721,127.013735,1동,신화건설(주),1997,166,개별난방,도시가스,18층,16층,1.0,0,0,76.94,109.7,57.33,84.85,서울시 서초구 잠원로14길 54,아파트,1
1165010620,서울시 서초구 잠원동 58,금호베스트빌,37.514715,127.014155,2동,금호산업(주),2002,117,지역난방,열병합,17층,9층,1.84,0,1,101.34,166.07,84.97,140.36,서울시 서초구 나루터로 46,아파트,1
1165010807,서울시 서초구 서초동 1326,삼성서초가든스위트,37.494845,127.02585,3동,삼성물산(주)주택부문,2000,141,중앙난방,도시가스,23층,2층,5.11,0,1,236.14,355.48,162.73,244.97,서울시 서초구 서운로 122,아파트,1
1165010309,서울시 서초구 우면동 735,서초네이처힐7단지,37.461908,127.023282,5동,(주)태영건설,2011,275,개별난방,도시가스,17층,5층,1.12,0,0,85.73,120.25,59.99,84.77,서울시 서초구 태봉로2길 10,아파트,1
1165010618,서울시 서초구 잠원동 56-2,신반포27차,37.515948,127.009682,1동,한신공영(주),1985,156,지역난방,열병합,12층,12층,0.5,0,0,58.06,118.82,53.46,84.49,서울시 서초구 잠원로8길 3,아파트,1
1165010850,서울시 서초구 서초동 1684,서초현대4차,37.500145,127.017344,3동,현대산업개발(주),2000,160,지역난방,열병합,18층,9층,1.48,0,0,67.04,172.27,52.36,140.03,서울시 서초구 고무래로 94,아파트,1
1165010805,서울시 서초구 서초동 1316-15,현대성우,37.498107,127.024443,1동,성우종합건설(주),2002,138,지역난방,열병합,24층,6층,2.56,0,1,156.17,285.61,133.48,244.14,서울시 서초구 강남대로61길 23,아파트,1
1165010815,서울시 서초구 서초동 1337-22,서초대우디오빌프라임,37.4916,127.030121,1동,(주)대우건설,2005,112,개별난방,도시가스,15층,15층,1.75,0,1,56.35,107.6,44.5,84.97,서울시 서초구 강남대로 321,아파트,1
1165011105,서울시 서초구 신원동 557,힐스테이트서초젠트리스,37.456285,127.057657,9동,현대엔지니어링주식회사,2014,256,개별난방,도시가스,9층,5층,1.51,0,1,114.32,153.03,84.95,114.9,서울시 서초구 헌릉로8길 10-12,아파트,1
1165010843,서울시 서초구 서초동 1641-1,서초삼성래미안,37.493179,127.019471,3동,삼성물산(주),2001,299,지역난방,열병합,16층,16층,1.59,0,0,108.06,191.27,84.89,150.25,서울시 서초구 사임당로17길 116,아파트,1
1165010701,서울시 서초구 반포동 10,반포푸르지오,37.503757,126.995819,3동,(주)대우,2000,237,개별난방,도시가스,12층,12층,1.05,0,1,64.17,108.81,50.02,84.82,서울시 서초구 신반포로15길 4,아파트,1
1165010819,서울시 서초구 서초동 1344-13,서초트라팰리스,37.486801,127.028329,3동,삼성물산(주),2005,257,개별난방,열병합,25층,11층,1.66,0,1,93.71,198.6,73.42,155.55,서울시 서초구 효령로72길 57,아파트,1
1165010135,서울시 서초구 방배동 923-6,방배아크로타워,37.483208,126.995144,2동,대림산업㈜,2007,116,개별난방,도시가스,10층,10층,1.64,0,1,65.64,110.9,51.35,84.96,서울시 서초구 방배로13길 18,아파트,1
1165010642,서울시 서초구 잠원동 71-17,잠원중앙하이츠(B동),37.51006,127.004806,1동,중앙건설,1998,126,개별난방,도시가스,16층,16층,1.0,0,1,83.33,104.9,59.93,75.44,서울시 서초구 잠원로3길 20,아파트,1
1165010119,서울시 서초구 방배동 752-36,방배아크로리버,37.497695,126.984444,4동,대림산업(주),2004,222,개별난방,도시가스,25층,24층,1.68,0,0,98.9,174.16,84.74,149.22,서울시 서초구 방배중앙로 207-10,아파트,1
1165010126,서울시 서초구 방배동 797-30,방배e-편한세상3차,37.494386,126.991489,5동,대림산업(주),2006,192,개별난방,도시가스,15층,9층,3.3,0,1,231.63,277.18,198.53,244.87,서울시 서초구 동광로 89-5,아파트,0
1165010812,서울시 서초구 서초동 1334-1,신동아2차,37.490504,127.026042,1동,신동아건설,1979,104,지역난방,열병합,13층,13층,1.0,0,0,156.46,183.98,144.41,169.55,서울시 서초구 서운로 79,재건축,1
1165010825,서울시 서초구 서초동 1444-7,서초자이,37.484985,127.020109,4동,지에스건설(주),2006,184,지역난방,열병합,18층,12층,2.09,0,1,106.97,184.32,84.98,148.83,서울시 서초구 효령로68길 81,아파트,1
1165010816,서울시 서초구 서초동 1337-3,강남역푸르지오시티(도시형),37.49169,127.028989,1동,(주)대우건설,2014,137,개별난방,도시가스,8층,8층,0.18,0,1,29.4,33.92,20.33,23.45,서울시 서초구 효령로77길 30,아파트,1
1165010719,서울시 서초구 반포동 64-5,현대동궁,37.500412,127.001891,1동,현대산업개발(주),1991,224,지역난방,열병합,15층,9층,1.0,0,0,82.31,96.28,70.38,82.35,서울시 서초구 사평대로 154,아파트,1
1165010107,서울시 서초구 방배동 1030-1,삼호한숲,37.477643,126.998746,1동,(주)삼호,1998,116,개별난방,도시가스,15층,5층,1.17,0,1,80.16,139.2,59.98,114.52,서울시 서초구 방배로3길 10-3,아파트,0
1165010821,서울시 서초구 서초동 1350-13,동원베네스트,37.485282,127.026641,2동,(주)동원이엔씨,2002,126,개별난방,도시가스,15층,11층,1.3,0,0,105.53,142.48,84.9,120.81,서울시 서초구 효령로74길 57,아파트,1
1165010720,서울시 서초구 반포동 65-1,신반포궁전,37.500365,127.000569,2동,한신공영,1984,108,지역난방,열병합,10층,10층,0.5,0,1,128.67,225.47,117.11,205.22,서울시 서초구 사평대로 142,아파트,1
1165010631,서울시 서초구 잠원동 61-1,신반포25차,37.51501,127.009547,2동,한신공영,1984,169,지역난방,도시가스,13층,13층,0.0,0,1,113.97,126.22,84.49,117.06,서울시 서초구 잠원로 136,아파트,1
1165010818,서울시 서초구 서초동 1338-1,풍림아이원플러스,37.490473,127.029932,1동,풍림산업(주),2004,200,개별난방,도시가스,15층,13층,0.5,0,0,37.54,55.79,27.64,41.07,서울시 서초구 효령로77길 14,아파트,1
1165010305,서울시 서초구 우면동 707,서초네이처힐1단지,37.463664,127.019856,10동,(주)태영건설,2012,178,개별난방,도시가스,7층,5층,1.19,0,0,110.25,148.68,84.73,114.71,서울시 서초구 형촌길 35,아파트,1
1165010202,서울시 서초구 양재동 160-2,양재우성KBS(113동),37.477814,127.028942,1동,(주)우성건설,1996,150,개별난방,도시가스,14층,11층,0.64,0,0,102.54,102.54,84.69,84.69,서울시 서초구 바우뫼로 91,아파트,0
1165010637,서울시 서초구 잠원동 65-8,잠원한신그린,37.513292,127.007948,1동,한신공영 주식회사,1993,150,지역난방,LPG,15층,15층,0.9,0,0,96.5,96.5,84.89,84.89,서울시 서초구 신반포로33길 71,아파트,1
1165010122,서울시 서초구 방배동 758-4,삼호2차,37.496151,126.987247,5동,삼호,1976,264,지역난방,열병합,12층,12층,0.37,0,1,137.63,191.79,127.94,179.08,서울시 서초구 방배로43길 2,아파트,1
1165010835,서울시 서초구 서초동 1509-1,서초한빛삼성,37.488406,127.007863,2동,삼성중공업(주),1999,264,개별난방,도시가스,18층,7층,1.36,0,0,84.96,140.87,59.52,110.59,서울시 서초구 서초대로40길 72,아파트,1
1165010806,서울시 서초구 서초동 1316-31,밀라텔쉐르빌(엠쉐르빌),37.498713,127.025064,1동,삼성중공업(주),2001,125,개별난방,도시가스,23층,23층,1.02,0,1,42.38,127.22,32.66,97.98,서울시 서초구 강남대로61길 17,아파트,1
1165010839,서울시 서초구 서초동 1583-10,서초아트자이,37.485687,127.011371,4동,지에스건설(주),2009,164,개별난방,도시가스,25층,20층,3.02,0,1,181.1,336.7,144.31,267.1,서울시 서초구 반포대로 58,아파트,1
1165010716,서울시 서초구 반포동 46,엠브이,37.49914,127.010255,1동,한보철강공업(주),1994,154,개별난방,도시가스,18층,10층,0.94,0,0,74.52,162.23,59.82,129.93,서울시 서초구 고무래로10길 39,아파트,1
1165010612,서울시 서초구 잠원동 51,잠원훼미리,37.5192,127.01462,3동,한신공영(주),1992,288,지역난방,열병합,18층,15층,2.0,0,0,101.05,103.17,84.38,84.9,서울시 서초구 잠원로 202-11,아파트,1
1165010133,서울시 서초구 방배동 899-16,방배브라운스톤,37.48693,126.995264,3동,이수건설(주),2005,145,개별난방,도시가스,15층,12층,1.34,0,1,94.56,143.07,75.49,114.65,서울시 서초구 서초대로26길 19,아파트,1
1165010823,서울시 서초구 서초동 1363-25,한라비발디스튜디오193(도시형),37.485768,127.032051,1동,한라건설(주),2013,149,개별난방,도시가스,12층,11층,0.44,0,1,32.02,63.86,19.8,40.19,서울시 서초구 강남대로39길 15-10,아파트,1
1165010129,서울시 서초구 방배동 866-10,방배마에스트로,37.486006,126.983863,1동,(주)한미글로벌건축사사무소,2019,118,개별난방,도시가스,27층,26층,0.66,0,1,38.91,77.44,25.48,51.53,서울시 서초구 서초대로 13,아파트,1
1165010822,서울시 서초구 서초동 1359-50,롯데캐슬주피터,37.486377,127.030403,2동,롯데건설,2003,110,개별난방,도시가스,12층,9층,2.62,0,1,110.44,197.29,95.33,172.33,서울시 서초구 서운로6길 15-20,아파트,1
1165010614,서울시 서초구 잠원동 53,잠원현대,37.51867,127.012904,2동,현대건설(주),1993,238,지역난방,열병합,19층,7층,0.66,0,0,103.77,103.77,84.87,84.87,서울시 서초구 잠원로12길 4,아파트,1
1165010131,서울시 서초구 방배동 884-21,방배e-편한세상1차,37.487594,126.999224,3동,대림산업(주),2003,199,개별난방,도시가스,15층,13층,2.71,0,0,201.97,224.85,164.25,188.21,서울시 서초구 서초대로34길 34,아파트,0
1165010128,서울시 서초구 방배동 849-30,방배롯데캐슬로제,37.490222,126.99462,4동,롯데건설(주),2009,130,개별난방,도시가스,12층,8층,2.98,0,1,202.76,292.65,172.27,244.48,서울시 서초구 방배로26길 41,아파트,1
1165010125,서울시 서초구 방배동 776-3,쌍용예가클래식,37.493705,126.987788,3동,쌍용건설(주),1978,216,지역난방,열병합,12층,12층,0.95,0,0,117.07,177.45,89.84,155.44,서울시 서초구 방배로37길 26-9,아파트,1
1165010712,서울시 서초구 반포동 30-1,삼호가든맨션5차,37.504432,127.011689,3동,삼호,1986,168,지역난방,열병합,14층,14층,2.09,0,0,115.6,179.94,98.64,153.54,서울시 서초구 서초중앙로 242,아파트,1
1165010607,서울시 서초구 잠원동 49-17,신반포18차(337동),37.520054,127.013401,1동,한신공영,1983,182,지역난방,열병합,13층,13층,0.98,0,1,55.63,122.74,50.64,111.75,서울시 서초구 잠원로 195,재건축,1
1165010606,서울시 서초구 잠원동 42-13,잠원대우아이빌,37.511452,127.018281,3동,한국구조개발(주),2001,168,개별난방,도시가스,12층,5층,1.0,0,0,39.6,69.65,27.07,49.06,서울시 서초구 신반포로45길 23,아파트,1
1165010837,서울시 서초구 서초동 1533,서초한신리빙타워,37.484063,127.009956,1동,한신공영(주),1999,103,개별난방,도시가스,19층,10층,1.58,0,1,56.21,166.85,42.55,126.29,서울시 서초구 효령로 237,아파트,1
1165010101,서울시 서초구 방배동 1002-22,삼환나띠르빌,37.4804,127.005188,5동,(주)삼환까뮤,2003,126,개별난방,도시가스,11층,8층,1.26,0,1,105.42,189.26,84.98,148.99,서울시 서초구 명달로 33,아파트,1
1165010836,서울시 서초구 서초동 1529,서초e-편한세상2차,37.486839,127.009015,3동,대림산업(주),2005,159,개별난방,도시가스,15층,8층,1.6,0,0,107.2,152.78,84.67,123.11,서울시 서초구 효령로49길 57,아파트,1
1165010826,서울시 서초구 서초동 1445-13,서초쌍용플래티넘,37.484114,127.017169,1동,남광토건(주),2006,109,개별난방,도시가스,21층,20층,3.49,0,1,45.36,107.89,34.67,82.46,서울시 서초구 서초중앙로 18,아파트,1
1165010838,서울시 서초구 서초동 1542-6,현대ESA2,37.491084,127.008524,2동,현대건설,2003,174,중앙난방,도시가스,25층,25층,2.01,0,0,156.01,156.01,136.25,136.25,서울시 서초구 반포대로 122,아파트,1
1165010306,서울시 서초구 우면동 712,서초네이처힐2단지,37.462787,127.021688,8동,(주)태영건설,2012,133,개별난방,도시가스,7층,5층,1.15,0,1,78.72,112.2,59.99,84.82,서울시 서초구 형촌길 15,아파트,1
1165010636,서울시 서초구 잠원동 65-33,신반포22차,37.511665,127.007182,1동,한신공영(주),1983,132,지역난방,열병합,12층,12층,0.0,0,1,112.73,128.88,104.02,118.9,서울시 서초구 잠원로 86,재건축,1
1165010628,서울시 서초구 잠원동 60-6,신반포9차,37.511404,127.010432,2동,한신공영(주),1981,286,지역난방,열병합,12층,12층,0.0,1,0,81.28,81.28,75.95,75.95,서울시 서초구 신반포로33길 30,재건축,1
1165010203,서울시 서초구 양재동 90,신영체르니,37.479213,127.041384,1동,한라건설(주),2002,175,개별난방,도시가스,9층,6층,1.0,0,0,43.79,78.38,32.08,58.21,서울시 서초구 논현로27길 57,아파트,1
1165010111,서울시 서초구 방배동 2233,방배현대홈타운3차,37.491898,126.984013,3동,현대건설(주),2004,123,개별난방,도시가스,15층,10층,1.78,0,1,106.36,152.1,84.98,123.34,서울시 서초구 방배중앙로21길 55,아파트,1
1165010622,서울시 서초구 잠원동 58-22,신반포17차,37.510732,127.014117,3동,한신공영(주),1983,216,지역난방,열병합,12층,12층,1.0,1,1,87.74,162.37,80.4,145.39,서울시 서초구 나루터로4길 49,재건축,1
1165010124,서울시 서초구 방배동 774-19,현대멤피스,37.494794,126.988645,5동,현대산업개발(주),2001,206,개별난방,도시가스,21층,14층,2.51,0,0,165.14,231.07,133.31,186.53,서울시 서초구 방배로 239,아파트,1
1165010847,서울시 서초구 서초동 1675-11,서초대우아이빌,37.494245,127.017602,1동,(주)대우건설,2003,215,개별난방,도시가스,15층,12층,0.75,0,0,28.03,86.66,21.05,65.08,서울시 서초구 서초대로58길 10,아파트,1
1165010121,서울시 서초구 방배동 759-2,삼호3차,37.497511,126.987115,4동,(주)삼호주택,1976,216,지역난방,열병합,12층,12층,0.0,0,0,153.9,289.36,129.76,257.12,서울시 서초구 방배로45길 2,아파트,1
1165010605,서울시 서초구 잠원동 33-11,잠원월드메르디앙,37.512535,127.016299,1동,월드건설주식회사,2002,107,개별난방,도시가스,15층,6층,1.23,0,1,107.46,146.22,84.78,116.42,서울시 서초구 신반포로45길 71,아파트,1
1165010630,서울시 서초구 잠원동 60-78,신반포20차,37.510426,127.011938,1동,한신공영(주),1983,112,지역난방,열병합,14층,14층,0.0,0,1,155.6,155.6,143.95,143.95,서울시 서초구 나루터로4길 60,아파트,1
1165010824,서울시 서초구 서초동 1436-14,서초아이파크,37.485451,127.023009,3동,현대산업개발(주),2003,115,지역난방,열병합,18층,6층,2.6,0,1,147.83,233.92,127.82,192.63,서울시 서초구 효령로68길 33,아파트,1
1165010132,서울시 서초구 방배동 888-53,방배자이,37.486663,126.998886,3동,엘지건설(주),2003,136,개별난방,도시가스,13층,10층,2.77,0,1,185.43,218.51,164.96,194.92,서울시 서초구 방배로18길 67,아파트,0
1165010722,서울시 서초구 반포동 591-1,강남원효성,37.495959,126.996082,16동,가나 건축사사무소,1984,107,개별난방,도시가스,3층,1층,0.0,0,1,152.76,254.39,146.04,216.0,서울시 서초구 사평대로20길 76,아파트,0
1165010136,서울시 서초구 방배동 930-1,방배브라운가,37.48349,126.9918,2동,흥화공업(주),2006,161,개별난방,도시가스,13층,10층,1.35,0,0,105.93,156.43,84.85,124.67,서울시 서초구 방배로19길 67,아파트,0
1165010127,서울시 서초구 방배동 816-1,방배한신트리플,37.491455,126.989142,1동,한신공영(주),2004,163,개별난방,도시가스,12층,7층,1.0,0,0,35.76,97.04,28.81,78.19,서울시 서초구 방배로33길 29,아파트,1
1165010832,서울시 서초구 서초동 1467-62,서초e-편한세상5차,37.479732,127.007187,2동,대림산업(주),2005,161,개별난방,도시가스,15층,10층,2.46,0,1,190.3,190.3,158.24,158.24,서울시 서초구 명달로4길 30,아파트,1
1165010834,서울시 서초구 서초동 1498-5,마제스타시티힐스테이트서리풀,37.490268,127.005958,2동,현대엔지니어링(주),2017,116,개별난방,도시가스,22층,10층,1.29,0,1,88.02,88.47,59.95,59.97,서울시 서초구 서초대로38길 12,아파트,1
1165010856,서울시 서초구 서초동 1575-1,지웰홈스서초,37.491985,127.013372,1동,신영건설주식회사,2019,154,개별난방,도시가스,19층,18층,0.52,0,1,22.65,33.97,14.1,21.22,서울시 서초구 반포대로28길 94,아파트,1
1165010649,서울시 서초구 잠원동 52-2 외 1필지,르엘신반포파크애비뉴,37.517205,127.013767,3동,롯데건설(주),2023,330,지역난방,열병합,35층,14층,0.0,0,1,66.67,156.72,49.98,118.97,서울시 서초구 잠원동 52-2,아파트분양권,1
1165010705,서울시 서초구 반포동 12,신반포15차,37.504054,126.993632,8동,한신공영(주),1982,180,개별난방,열병합,5층,5층,1.05,0,0,146.02,217.74,122.1,181.75,서울시 서초구 신반포로15길 5,재건축,1
1165010629,서울시 서초구 잠원동 60-7,녹원한신,37.511972,127.011443,2동,한신공영주식회사,1995,240,지역난방,열병합,15층,15층,1.02,0,0,98.87,99.14,84.75,84.95,서울시 서초구 잠원로4길 34-11,재건축,1
1165010624,서울시 서초구 잠원동 59-10,신반포21차,37.509409,127.014236,2동,한신공영(주),1984,108,지역난방,열병합,10층,8층,1.07,0,0,129.25,145.37,117.07,129.47,서울시 서초구 신반포로 267,재건축,1
1165010114,서울시 서초구 방배동 3275,방배동부센트레빌,37.497662,126.987973,3동,동부건설(주),2004,122,개별난방,도시가스,22층,18층,2.19,0,1,164.49,191.55,134.04,157.55,서울시 서초구 방배로 278,아파트,1
1165010115,서울시 서초구 방배동 3277,방배아이파크,37.49164,126.985,2동,현대산업개발(주),2006,138,개별난방,도시가스,15층,9층,1.71,0,1,114.5,199.17,84.32,157.56,서울시 서초구 동광로3길 18,아파트,1
1165010842,서울시 서초구 서초동 1633-4,헤센파크힐,37.491174,127.022487,1동,신한종합건설(주),2018,102,개별난방,도시가스,7층,7층,0.84,1,0,32.22,54.58,18.34,32.58,서울시 서초구 사임당로 115,아파트,1
1165010650,서울시 서초구 잠원동 74번지 외 1필지,르엘신반포,37.508793,127.002301,3동,롯데건설(주),2022,280,지역난방,열병합,34층,22층,1.88,0,1,73.52,132.36,54.98,100.96,서울시 서초구 잠원동 74-2,아파트분양권,1
1165010859,서울시 서초구 서초동 1597-6,DK밸리뷰서초(주),37.487901,127.013867,1동,(주)소미건설,2022,105,개별난방,도시가스,19층,19층,0.54,0,1,32.13,35.06,26.35,28.75,서울시 서초구 서초동 1597-6,아파트분양권,1
1165010723,"서울시 서초구 반포동 114-1,4,5번지",더샵반포리버파크(도시형),37.498597,126.992533,1동,(주)포스코건설,2022,140,개별난방,도시가스,7층,7층,1.0,0,1,70.18,71.74,49.55,49.98,서울시 서초구 사평대로 73,아파트분양권,1
