{
    "apt_name": [
        "반포자이",
        "아크로리버파크",
        "래미안퍼스티지",
        "신반포2차",
        "서초그랑자이",
        "신반포4차",
        "반포리체",
        "래미안리더스원",
        "삼풍",
        "반포주공1단지",
        "반포미도1차",
        "서초힐스",
        "서초래미안",
        "서초더샵포레",
        "서초포레스타2단지",
        "서초네이처힐3단지",
        "래미안원베일리",
        "반포래미안아이파크",
        "반포센트럴자이",
        "동아",
        "서초푸르지오써밋",
        "방배그랑자이",
        "반포써밋",
        "아크로리버뷰신반포",
        "롯데캐슬클래식",
        "아크로비스타",
        "신반포자이",
        "디에이치라클라스",
        "유원서초",
        "래미안서초에스티지S",
        "신동아1차",
        "양재우성",
        "잠원한신",
        "서초호반써밋",
        "래미안신반포팰리스",
        "방배롯데캐슬아르떼",
        "방배현대홈타운1차",
        "진흥",
        "방배래미안아트힐",
        "현대슈퍼빌",
        "서초포레스타6단지",
        "서초포레스타5단지",
        "신반포10차",
        "신반포8차",
        "반포르엘",
        "래미안서초스위트",
        "서초교대e편한세상",
        "래미안서초에스티지",
        "반포힐스테이트",
        "강변",
        "LH서초5단지",
        "우성5차",
        "신반포12차",
        "신반포청구",
        "신반포16차",
        "방배아트자이",
        "방배현대홈타운2차",
        "서초LH4단지",
        "삼성쉐르빌II",
        "서초포레스타3단지",
        "롯데캐슬갤럭시2차",
        "더샵서초",
        "래미안신반포리오센트",
        "래미안서초유니빌",
        "서초센트럴아이파크",
        "반포미도2차",
        "방배대우디오빌",
        "한강",
        "방배서리풀e-편한세상",
        "삼호1차",
        "롯데캐슬헤론",
        "현대",
        "대림",
        "한신서래",
        "방배우성",
        "동고",
        "신반포7차",
        "서초네이처힐6단지",
        "서초이오빌",
        "삼호4차",
        "임광3차",
        "임광1,2차",
        "방배래미안",
        "방배래미안타워",
        "대우효령",
        "삼익",
        "신동아",
        "서초네이처힐4단지",
        "신반포11차",
        "서초포레스타7단지",
        "블루힐하우스",
        "서초롯데캐슬프레지던트",
        "아남",
        "반포센트레빌아스테리움",
        "신반포19차",
        "서초현대",
        "잠원현대훼밀리",
        "서초한신",
        "한신로얄",
        "한신타운",
        "코오롱",
        "우면한라",
        "반포한신타워",
        "서초e-편한세상1차",
        "킴스빌리지",
        "서초리시온",
        "롯데캐슬갤럭시1차",
        "서초롯데캐슬리버티",
        "현대ESA",
        "신화",
        "금호베스트빌",
        "삼성서초가든스위트",
        "서초네이처힐7단지",
        "신반포27차",
        "서초현대4차",
        "현대성우",
        "서초대우디오빌프라임",
        "힐스테이트서초젠트리스",
        "서초삼성래미안",
        "반포푸르지오",
        "서초트라팰리스",
        "방배아크로타워",
        "잠원중앙하이츠(B동)",
        "방배아크로리버",
        "방배e-편한세상3차",
        "신동아2차",
        "서초자이",
        "강남역푸르지오시티(도시형)",
        "현대동궁",
        "삼호한숲",
        "동원베네스트",
        "신반포궁전",
        "신반포25차",
        "풍림아이원플러스",
        "서초네이처힐1단지",
        "양재우성KBS(113동)",
        "잠원한신그린",
        "삼호2차",
        "서초한빛삼성",
        "밀라텔쉐르빌(엠쉐르빌)",
        "서초아트자이",
        "엠브이",
        "잠원훼미리",
        "방배브라운스톤",
        "한라비발디스튜디오193(도시형)",
        "방배마에스트로",
        "롯데캐슬주피터",
        "잠원현대",
        "방배e-편한세상1차",
        "방배롯데캐슬로제",
        "쌍용예가클래식",
        "삼호가든맨션5차",
        "신반포18차(337동)",
        "잠원대우아이빌",
        "서초한신리빙타워",
        "삼환나띠르빌",
        "서초e-편한세상2차",
        "서초쌍용플래티넘",
        "현대ESA2",
        "서초네이처힐2단지",
        "신반포22차",
        "신반포9차",
        "신영체르니",
        "방배현대홈타운3차",
        "신반포17차",
        "현대멤피스",
        "서초대우아이빌",
        "삼호3차",
        "잠원월드메르디앙",
        "신반포20차",
        "서초아이파크",
        "방배자이",
        "강남원효성",
        "방배브라운가",
        "방배한신트리플",
        "서초e-편한세상5차",
        "마제스타시티힐스테이트서리풀",
        "지웰홈스서초",
        "르엘신반포파크애비뉴",
        "신반포15차",
        "녹원한신",
        "신반포21차",
        "방배동부센트레빌",
        "방배아이파크",
        "헤센파크힐",
        "르엘신반포",
        "DK밸리뷰서초(주)",
        "더샵반포리버파크(도시형)"
    ],
    "school_name": [
        "원촌중학교",
        "경원중학교",
        "신동중학교",
        "신반포중학교",
        "반포중학교",
        "세화여자중학교",
        "서운중학교",
        "서일중학교",
        "방배중학교",
        "영동중학교",
        "서초중학교",
        "언남중학교",
        "동덕여자중학교",
        "이수중학교",
        "서문여자중학교",
        "내곡중학교",
        "반포고등학교",
        "서초고등학교",
        "세화고등학교",
        "세화여자고등학교",
        "양재고등학교",
        "서울고등학교",
        "상문고등학교",
        "언남고등학교",
        "동덕여자고등학교",
        "서울전자고등학교",
        "서문여자고등학교",
        "서울언남초등학교",
        "서울방현초등학교",
        "서울방배초등학교",
        "서울방일초등학교",
        "서울서이초등학교",
        "서울서일초등학교",
        "서울서초초등학교",
        "서울서원초등학교",
        "서울잠원초등학교",
        "계성초등학교",
        "서울서래초등학교",
        "서울우솔초등학교",
        "서울우면초등학교",
        "서울우암초등학교",
        "서울반원초등학교",
        "서울반포초등학교",
        "서울이수초등학교",
        "서울신동초등학교",
        "서울양재초등학교",
        "서울신중초등학교",
        "서울원명초등학교",
        "서울원촌초등학교"
    ],
    "station_name": [
        "강남",
        "고속터미널",
        "교대",
        "구반포",
        "남부터미널",
        "남태령",
        "내방",
        "반포",
        "방배",
        "사당",
        "사평",
        "서초",
        "신반포",
        "양재",
        "양재시민의숲",
        "잠원",
        "청계산입구"
    ],
    "dong_name": [
        "내곡동",
        "양재2동",
        "양재1동",
        "방배4동",
        "방배3동",
        "방배2동",
        "방배1동",
        "방배본동",
        "반포4동",
        "반포3동",
        "반포2동",
        "반포1동",
        "반포본동",
        "잠원동",
        "서초4동",
        "서초3동",
        "서초2동",
        "서초1동"
    ],
    "area_1": [
        5,
        10,
        15,
        20,
        25,
        30,
        35,
        40,
        45,
        50,
        55,
        60,
        65,
        70,
        75,
        80,
        85,
        90,
        95,
        100
    ],
    "area_1_pair": [
        [
            0,
            10
        ],
        [
            5,
            15
        ],
        [
            10,
            20
        ],
        [
            15,
            25
        ],
        [
            20,
            30
        ],
        [
            25,
            35
        ],
        [
            30,
            40
        ],
        [
            35,
            45
        ],
        [
            40,
            50
        ],
        [
            45,
            55
        ],
        [
            50,
            60
        ],
        [
            55,
            65
        ],
        [
            60,
            70
        ],
        [
            65,
            75
        ],
        [
            70,
            80
        ],
        [
            75,
            85
        ],
        [
            80,
            90
        ],
        [
            85,
            95
        ],
        [
            90,
            100
        ],
        [
            95,
            105
        ]
    ],
    "floor": [
        1,
        2,
        3,
        4,
        5,
        6,
        7,
        8,
        9,
        10,
        11,
        12,
        13,
        14,
        15,
        16,
        17,
        18,
        19,
        20,
        21,
        22,
        23,
        24,
        25,
        26,
        27,
        28,
        29,
        30,
        31,
        32,
        33,
        34,
        35,
        36,
        37,
        38,
        39,
        40,
        41,
        42,
        43,
        44,
        45,
        46,
        47,
        48,
        49,
        50,
        51,
        52,
        53,
        54,
        55,
        56,
        57,
        58,
        59,
        60,
        61,
        62,
        63,
        64,
        65,
        66,
        67,
        68,
        69,
        70,
        71,
        72,
        73,
        74,
        75,
        76,
        77,
        78,
        79,
        80,
        81,
        82,
        83,
        84,
        85,
        86,
        87,
        88,
        89,
        90,
        91,
        92,
        93,
        94,
        95,
        96,
        97,
        98,
        99,
        100
    ],
    "gu_name": [
        "중구",
        "용산구",
        "성동구",
        "광진구",
        "동대문구",
        "중랑구",
        "성북구",
        "강북구",
        "도봉구",
        "노원구",
        "은평구",
        "서대문구",
        "마포구",
        "양천구",
        "강서구",
        "구로구",
        "금천구",
        "영등포구",
        "동작구",
        "관악구",
        "서초구",
        "강남구",
        "송파구",
        "강동구"
    ],
    "area_2": [
        16,
        26,
        36,
        46,
        56,
        66,
        76,
        86,
        96,
        106,
        116,
        126,
        136,
        146,
        156,
        166,
        176,
        186,
        196,
        206,
        216,
        226,
        236,
        246,
        256,
        266,
        276,
        286,
        296,
        306,
        316,
        326
    ],
    "area_2_pair": [
        [
            11,
            21
        ],
        [
            21,
            31
        ],
        [
            31,
            41
        ],
        [
            41,
            51
        ],
        [
            51,
            61
        ],
        [
            61,
            71
        ],
        [
            71,
            81
        ],
        [
            81,
            91
        ],
        [
            91,
            101
        ],
        [
            101,
            111
        ],
        [
            111,
            121
        ],
        [
            121,
            131
        ],
        [
            131,
            141
        ],
        [
            141,
            151
        ],
        [
            151,
            161
        ],
        [
            161,
            171
        ],
        [
            171,
            181
        ],
        [
            181,
            191
        ],
        [
            191,
            201
        ],
        [
            201,
            211
        ],
        [
            211,
            221
        ],
        [
            221,
            231
        ],
        [
            231,
            241
        ],
        [
            241,
            251
        ],
        [
            251,
            261
        ],
        [
            261,
            271
        ],
        [
            271,
            281
        ],
        [
            281,
            291
        ],
        [
            291,
            301
        ],
        [
            301,
            311
        ],
        [
            311,
            321
        ],
        [
            321,
            331
        ]
    ],
    "distance_meter": [
        100,
        200,
        300,
        400,
        500,
        600,
        700,
        800,
        900,
        1000
    ],
    "distance_meter_to_km": [
        0.1,
        0.2,
        0.3,
        0.4,
        0.5,
        0.6,
        0.7,
        0.8,
        0.9,
        1.0
    ],
    "count": [
        1,
        2,
        3,
        4,
        5,
        6,
        7,
        8,
        9,
        10,
        11,
        12,
        13,
        14,
        15,
        16,
        17,
        18,
        19,
        20,
        21,
        22,
        23,
        24,
        25,
        26,
        27,
        28,
        29,
        30
    ],
    "time_year": [
        1,
        2,
        3,
        4,
        5
    ],
    "time_month": [
        1,
        2,
        3,
        4,
        5,
        6,
        7,
        8,
        9,
        10,
        11,
        12
    ],
    "time_week": [
        1,
        2,
        3,
        4,
        5,
        6,
        7,
        8,
        9,
        10,
        11,
        12,
        13,
        14,
        15,
        16,
        17,
        18,
        19,
        20,
        21,
        22,
        23,
        24,
        25,
        26,
        27,
        28,
        29,
        30,
        31,
        32,
        33,
        34,
        35,
        36,
        37,
        38,
        39,
        40,
        41,
        42,
        43,
        44,
        45,
        46,
        47,
        48,
        49,
        50
    ],
    "time_day": [
        10,
        20,
        30,
        40,
        50,
        60,
        70,
        80,
        90,
        100,
        110,
        120,
        130,
        140,
        150,
        160,
        170,
        180,
        190,
        200,
        210,
        220,
        230,
        240,
        250,
        260,
        270,
        280,
        290
    ]
}